﻿Designator,Quantity,Value,Footprint,Package,MPN,DNP,Mount_Type,Description
C1,1,100uF,C_1206_3216Metric,,,,smt,
"C2, C3, C4, C5",4,0.1uF,C_0805_2012Metric,,,,smt,
D1,1,LED,LED_0805_2012Metric,,,,smt,Light emitting diode
J1,1,Power,DoubleWire,,,,tht,
J2,1,Kllip,SPARKFUN_PRT-14417,,,,smt,
J4,1,AVR-ISP-6,PinHeader_2x03_P2.54mm_Vertical,,,,tht,
J5,1,M1,2-WIRE,,,,smt,
J6,1,M2,2-WIRE,,,,smt,
"R1, R2",2,0.2,R_0805_2012Metric,,,,smt,
R3,1,10k,R_0805_2012Metric,,,,smt,
R4,1,220,R_0805_2012Metric,,,,smt,
U1,1,ATmega328-A,TQFP-32_7x7mm_P0.8mm,,,,smt,
U2,1,AMS1117-5.0,SOT-223-3_TabPin2,,,,smt,
"U3, U4",2,A4950E,SOIC-8-1EP_3.9x4.9mm_P1.27mm_EP2.41x3.3mm,,,,smt,
