﻿pos_x,pos_y,rotation,side,designator,mpn,pack,footprint,value,mount_type
105.8,-37.9,90.0,bottom,C1,,,C_1206_3216Metric,100uF,smt
108.05,-28.6,0.0,top,C2,,,C_0805_2012Metric,0.1uF,smt
103.2,-21.35,90.0,top,C3,,,C_0805_2012Metric,0.1uF,smt
111.5,-21.35,90.0,top,C4,,,C_0805_2012Metric,0.1uF,smt
114.6,-28.8,0.0,top,C5,,,C_0805_2012Metric,0.1uF,smt
100.2,-39.4,0.0,top,D1,,,LED_0805_2012Metric,LED,smt
100.3,-37.95,180.0,bottom,J2,,,SPARKFUN_PRT-14417,Kllip,smt
114.48,-31.66,-90.0,top,J4,,,PinHeader_2x03_P2.54mm_Vertical,AVR-ISP-6,tht
100.4,-17.5,-90.0,top,J5,,,2-WIRE,M1,smt
108.6,-17.5,-90.0,top,J6,,,2-WIRE,M2,smt
117.8125,-21.8,0.0,top,R1,,,R_0805_2012Metric,0.2,smt
168.98,-44.93,0.0,top,R2,,,R_0805_2012Metric,0.2,smt
168.98,-47.88,0.0,top,R3,,,R_0805_2012Metric,10k,smt
103.2,-25.4125,90.0,bottom,R4,,,R_0805_2012Metric,220,smt
102.0,-32.8,180.0,top,U1,,,TQFP-32_7x7mm_P0.8mm,ATmega328-A,smt
101.8,-30.8,180.0,bottom,U2,,,SOT-223-3_TabPin2,AMS1117-5.0,smt
99.235,-23.375,90.0,top,U3,,,SOIC-8-1EP_3.9x4.9mm_P1.27mm_EP2.41x3.3mm,A4950E,smt
107.505,-23.375,90.0,top,U4,,,SOIC-8-1EP_3.9x4.9mm_P1.27mm_EP2.41x3.3mm,A4950E,smt
