﻿pos_x,pos_y,rotation,side,designator,mpn,pack,value,mount_type,place
134.0612,-54.5846,-90.0,top,C1,,C_0805_2012Metric,100uF,smt,True
132.0292,-54.5846,90.0,top,C2,,C_0805_2012Metric,0.1uF,smt,True
146.7104,-49.1744,0.0,top,C3,,C_0805_2012Metric,0.1uF,smt,True
144.7704,-33.781,0.0,top,C4,,C_0805_2012Metric,0.1uF,smt,True
137.16,-40.132,180.0,bottom,C5,,C_0805_2012Metric,0.1uF,smt,True
139.446,-54.549,-90.0,top,J1,,PinSocket_1x02_P2.54mm_Vertical,Power,tht,True
130.556,-35.306,90.0,top,J2,,PinHeader_1x03_P2.54mm_Vertical,Servo,tht,True
139.446,-35.306,0.0,top,J3,,PinHeader_1x01_P2.54mm_Vertical,Servo,tht,True
143.51,-54.549,90.0,top,J4,,PinHeader_2x03_P2.54mm_Vertical,AVR-ISP-6,tht,True
151.8574,-38.968,180.0,top,J5,,PinSocket_1x02_P2.54mm_Vertical,M1,tht,True
151.8666,-45.466,180.0,top,J6,,PinSocket_1x02_P2.54mm_Vertical,M2,tht,True
148.3245,-33.781,0.0,top,R1,,R_0805_2012Metric,0.2,smt,True
150.2664,-49.1744,0.0,top,R2,,R_0805_2012Metric,0.2,smt,True
133.604,-40.132,0.0,bottom,R3,,R_0805_2012Metric,10k,smt,True
135.382,-42.672,0.0,top,U1,,TQFP-32_7x7mm_P0.8mm,ATmega328-A,smt,True
135.382,-46.584,90.0,bottom,U2,,SOT-223-3_TabPin2,AMS1117-5.0,smt,True
146.304,-37.527,0.0,top,U3,,SOIC-8-1EP_3.9x4.9mm_P1.27mm_EP2.41x3.3mm,A4950E,smt,True
146.304,-44.005,0.0,top,U4,,SOIC-8-1EP_3.9x4.9mm_P1.27mm_EP2.41x3.3mm,A4950E,smt,True
132.08,-57.15,0.0,top,kibuzzard-64FD511C,,kibuzzard-64FD511C,G***,tht,False
