Designator,Footprint,Quantity,Value,LCSC Part #
C1,0805,1,10uF,
C10,0805,1,22uF,
"C11, C12, C2, C3, C4",0402,5,0.1uF,
C9,0402,1,47pF,
D1,0805,1,LED,
D2,D_SOD-123F,1,1.5A,
J1,PinSocket_1x02_P2.54mm_Vertical,1,Power,
J2,PinHeader_1x01_P2.54mm_Vertical,1,UPDI,
J5,QWIIC_SNAPSERIAL,1,PRT-14417,
L2,L_Changjiang_FTC201610S,1,3.3uH,
R1,0402,1,220,
"R2, R3",0402,2,0.2,
R4,0402,1,135k,
R5,0402,1,30k,
R8,0402,1,100k,
U1,QFN-24-1EP_4x4mm_P0.5mm_EP2.6x2.6mm,1,ATtiny1617-M,
U2,SOT-563,1,~,
"U3, U4",SOIC-8-1EP_3.9x4.9mm_P1.27mm_EP2.41x3.3mm,2,A4950E,
