Designator,Mid X,Mid Y,Rotation,Layer
C1,153.797,-98.933,90.0,bottom
C10,153.162,-107.315,0.0,top
C11,150.495,-107.724,270.0,top
C12,148.463,-106.962,270.0,top
C2,144.272,-99.159,270.0,bottom
C3,147.955,-99.284,270.0,bottom
C4,141.633,-109.192,90.0,top
C9,149.352,-112.49,90.0,top
D1,154.051,-94.0285,270.0,top
D2,152.397,-101.854,180.0,bottom
J1,153.797,-103.124,0.0,top
J2,142.367,-105.791,0.0,top
J3,143.764,-93.726,270.0,top
J4,149.564,-93.726,270.0,top
J5,150.376,-111.577,0.0,bottom
L2,153.797,-109.728,0.0,top
R1,154.051,-96.649,270.0,top
R2,143.256,-99.189,90.0,bottom
R3,148.971,-99.314,90.0,bottom
R4,147.32,-112.52,90.0,top
R5,148.336,-112.52,90.0,top
R8,149.352,-109.22,90.0,top
U1,145.054,-109.1875,90.0,top
U2,151.1795,-109.728,180.0,top
U3,144.082,-99.63,0.0,top
U4,149.669,-99.63,0.0,top
